"filename", "language", "Python", "C++", "MagicPython", "comment", "blank", "total"
"/home/finn/Documents/honours-project/c-attempt/avg-finite-time/main.cpp", "C++", 0, 7, 0, 0, 3, 10
"/home/finn/Documents/honours-project/c-attempt/avg-finite-time/main_config.h", "C++", 0, 17, 0, 1, 7, 25
"/home/finn/Documents/honours-project/c-attempt/avg-finite-time/main_simple.cpp", "C++", 0, 122, 0, 59, 64, 245
"/home/finn/Documents/honours-project/c-attempt/convex_hull.h", "C++", 0, 83, 0, 5, 21, 109
"/home/finn/Documents/honours-project/c-attempt/eigen3/Eigen/src/Cholesky/LDLT.h", "C++", 0, 410, 0, 188, 91, 689
"/home/finn/Documents/honours-project/c-attempt/eigen3/Eigen/src/Cholesky/LLT.h", "C++", 0, 344, 0, 143, 72, 559
"/home/finn/Documents/honours-project/c-attempt/eigen3/Eigen/src/Cholesky/LLT_LAPACKE.h", "C++", 0, 59, 0, 31, 10, 100
"/home/finn/Documents/honours-project/c-attempt/eigen3/Eigen/src/CholmodSupport/CholmodSupport.h", "C++", 0, 410, 0, 177, 96, 683
"/home/finn/Documents/honours-project/c-attempt/eigen3/Eigen/src/Core/ArithmeticSequence.h", "C++", 0, 262, 0, 93, 59, 414
"/home/finn/Documents/honours-project/c-attempt/eigen3/Eigen/src/Core/Array.h", "C++", 0, 227, 0, 143, 48, 418
"/home/finn/Documents/honours-project/c-attempt/eigen3/Eigen/src/Core/ArrayBase.h", "C++", 0, 137, 0, 59, 31, 227
"/home/finn/Documents/honours-project/c-attempt/eigen3/Eigen/src/Core/ArrayWrapper.h", "C++", 0, 138, 0, 38, 34, 210
"/home/finn/Documents/honours-project/c-attempt/eigen3/Eigen/src/Core/Assign.h", "C++", 0, 66, 0, 10, 15, 91
"/home/finn/Documents/honours-project/c-attempt/eigen3/Eigen/src/Core/AssignEvaluator.h", "C++", 0, 748, 0, 118, 145, 1011
"/home/finn/Documents/honours-project/c-attempt/eigen3/Eigen/src/Core/Assign_MKL.h", "C++", 0, 124, 0, 33, 22, 179
"/home/finn/Documents/honours-project/c-attempt/eigen3/Eigen/src/Core/BandMatrix.h", "C++", 0, 235, 0, 60, 59, 354
"/home/finn/Documents/honours-project/c-attempt/eigen3/Eigen/src/Core/Block.h", "C++", 0, 309, 0, 82, 58, 449
"/home/finn/Documents/honours-project/c-attempt/eigen3/Eigen/src/Core/BooleanRedux.h", "C++", 0, 112, 0, 31, 20, 163
"/home/finn/Documents/honours-project/c-attempt/eigen3/Eigen/src/Core/CommaInitializer.h", "C++", 0, 102, 0, 47, 16, 165
"/home/finn/Documents/honours-project/c-attempt/eigen3/Eigen/src/Core/ConditionEstimator.h", "C++", 0, 95, 0, 66, 15, 176
"/home/finn/Documents/honours-project/c-attempt/eigen3/Eigen/src/Core/CoreEvaluators.h", "C++", 0, 1345, 0, 111, 286, 1742
"/home/finn/Documents/honours-project/c-attempt/eigen3/Eigen/src/Core/CoreIterators.h", "C++", 0, 76, 0, 32, 25, 133
"/home/finn/Documents/honours-project/c-attempt/eigen3/Eigen/src/Core/CwiseBinaryOp.h", "C++", 0, 116, 0, 48, 20, 184
"/home/finn/Documents/honours-project/c-attempt/eigen3/Eigen/src/Core/CwiseNullaryOp.h", "C++", 0, 417, 0, 512, 73, 1002
"/home/finn/Documents/honours-project/c-attempt/eigen3/Eigen/src/Core/CwiseTernaryOp.h", "C++", 0, 125, 0, 53, 20, 198
"/home/finn/Documents/honours-project/c-attempt/eigen3/Eigen/src/Core/CwiseUnaryOp.h", "C++", 0, 56, 0, 32, 16, 104
"/home/finn/Documents/honours-project/c-attempt/eigen3/Eigen/src/Core/CwiseUnaryView.h", "C++", 0, 83, 0, 27, 23, 133
"/home/finn/Documents/honours-project/c-attempt/eigen3/Eigen/src/Core/DenseBase.h", "C++", 0, 410, 0, 194, 98, 702
"/home/finn/Documents/honours-project/c-attempt/eigen3/Eigen/src/Core/DenseCoeffsBase.h", "C++", 0, 368, 0, 232, 86, 686
"/home/finn/Documents/honours-project/c-attempt/eigen3/Eigen/src/Core/DenseStorage.h", "C++", 0, 572, 0, 39, 42, 653
"/home/finn/Documents/honours-project/c-attempt/eigen3/Eigen/src/Core/Diagonal.h", "C++", 0, 164, 0, 62, 33, 259
"/home/finn/Documents/honours-project/c-attempt/eigen3/Eigen/src/Core/DiagonalMatrix.h", "C++", 0, 254, 0, 85, 53, 392
"/home/finn/Documents/honours-project/c-attempt/eigen3/Eigen/src/Core/DiagonalProduct.h", "C++", 0, 12, 0, 11, 6, 29
"/home/finn/Documents/honours-project/c-attempt/eigen3/Eigen/src/Core/Dot.h", "C++", 0, 181, 0, 108, 30, 319
"/home/finn/Documents/honours-project/c-attempt/eigen3/Eigen/src/Core/EigenBase.h", "C++", 0, 80, 0, 60, 21, 161
"/home/finn/Documents/honours-project/c-attempt/eigen3/Eigen/src/Core/ForceAlignedAccess.h", "C++", 0, 93, 0, 32, 26, 151
"/home/finn/Documents/honours-project/c-attempt/eigen3/Eigen/src/Core/Fuzzy.h", "C++", 0, 90, 0, 49, 17, 156
"/home/finn/Documents/honours-project/c-attempt/eigen3/Eigen/src/Core/GeneralProduct.h", "C++", 0, 323, 0, 84, 59, 466
"/home/finn/Documents/honours-project/c-attempt/eigen3/Eigen/src/Core/GenericPacketMath.h", "C++", 0, 671, 0, 216, 154, 1041
"/home/finn/Documents/honours-project/c-attempt/eigen3/Eigen/src/Core/GlobalFunctions.h", "C++", 0, 132, 0, 47, 16, 195
"/home/finn/Documents/honours-project/c-attempt/eigen3/Eigen/src/Core/IO.h", "C++", 0, 166, 0, 70, 23, 259
"/home/finn/Documents/honours-project/c-attempt/eigen3/Eigen/src/Core/IndexedView.h", "C++", 0, 134, 0, 55, 49, 238
"/home/finn/Documents/honours-project/c-attempt/eigen3/Eigen/src/Core/Inverse.h", "C++", 0, 67, 0, 29, 22, 118
"/home/finn/Documents/honours-project/c-attempt/eigen3/Eigen/src/Core/Map.h", "C++", 0, 77, 0, 77, 18, 172
"/home/finn/Documents/honours-project/c-attempt/eigen3/Eigen/src/Core/MapBase.h", "C++", 0, 206, 0, 60, 45, 311
"/home/finn/Documents/honours-project/c-attempt/eigen3/Eigen/src/Core/MathFunctions.h", "C++", 0, 1604, 0, 163, 291, 2058
"/home/finn/Documents/honours-project/c-attempt/eigen3/Eigen/src/Core/MathFunctionsImpl.h", "C++", 0, 104, 0, 74, 23, 201
"/home/finn/Documents/honours-project/c-attempt/eigen3/Eigen/src/Core/Matrix.h", "C++", 0, 240, 0, 270, 56, 566
"/home/finn/Documents/honours-project/c-attempt/eigen3/Eigen/src/Core/MatrixBase.h", "C++", 0, 351, 0, 103, 94, 548
"/home/finn/Documents/honours-project/c-attempt/eigen3/Eigen/src/Core/NestByValue.h", "C++", 0, 45, 0, 24, 17, 86
"/home/finn/Documents/honours-project/c-attempt/eigen3/Eigen/src/Core/NoAlias.h", "C++", 0, 46, 0, 51, 13, 110
"/home/finn/Documents/honours-project/c-attempt/eigen3/Eigen/src/Core/NumTraits.h", "C++", 0, 224, 0, 67, 45, 336
"/home/finn/Documents/honours-project/c-attempt/eigen3/Eigen/src/Core/PartialReduxEvaluator.h", "C++", 0, 151, 0, 46, 36, 233
"/home/finn/Documents/honours-project/c-attempt/eigen3/Eigen/src/Core/PermutationMatrix.h", "C++", 0, 372, 0, 149, 85, 606
"/home/finn/Documents/honours-project/c-attempt/eigen3/Eigen/src/Core/PlainObjectBase.h", "C++", 0, 758, 0, 259, 112, 1129
"/home/finn/Documents/honours-project/c-attempt/eigen3/Eigen/src/Core/Product.h", "C++", 0, 127, 0, 26, 39, 192
"/home/finn/Documents/honours-project/c-attempt/eigen3/Eigen/src/Core/ProductEvaluators.h", "C++", 0, 863, 0, 143, 174, 1180
"/home/finn/Documents/honours-project/c-attempt/eigen3/Eigen/src/Core/Random.h", "C++", 0, 63, 0, 139, 17, 219
"/home/finn/Documents/honours-project/c-attempt/eigen3/Eigen/src/Core/Redux.h", "C++", 0, 370, 0, 82, 64, 516
"/home/finn/Documents/honours-project/c-attempt/eigen3/Eigen/src/Core/Ref.h", "C++", 0, 222, 0, 111, 49, 382
"/home/finn/Documents/honours-project/c-attempt/eigen3/Eigen/src/Core/Replicate.h", "C++", 0, 85, 0, 42, 16, 143
"/home/finn/Documents/honours-project/c-attempt/eigen3/Eigen/src/Core/Reshaped.h", "C++", 0, 310, 0, 73, 72, 455
"/home/finn/Documents/honours-project/c-attempt/eigen3/Eigen/src/Core/ReturnByValue.h", "C++", 0, 74, 0, 26, 20, 120
"/home/finn/Documents/honours-project/c-attempt/eigen3/Eigen/src/Core/Reverse.h", "C++", 0, 135, 0, 54, 29, 218
"/home/finn/Documents/honours-project/c-attempt/eigen3/Eigen/src/Core/Select.h", "C++", 0, 104, 0, 40, 21, 165
"/home/finn/Documents/honours-project/c-attempt/eigen3/Eigen/src/Core/SelfAdjointView.h", "C++", 0, 212, 0, 102, 52, 366
"/home/finn/Documents/honours-project/c-attempt/eigen3/Eigen/src/Core/SelfCwiseBinaryOp.h", "C++", 0, 29, 0, 9, 10, 48
"/home/finn/Documents/honours-project/c-attempt/eigen3/Eigen/src/Core/Solve.h", "C++", 0, 125, 0, 28, 36, 189
"/home/finn/Documents/honours-project/c-attempt/eigen3/Eigen/src/Core/SolveTriangular.h", "C++", 0, 168, 0, 20, 48, 236
"/home/finn/Documents/honours-project/c-attempt/eigen3/Eigen/src/Core/SolverBase.h", "C++", 0, 94, 0, 48, 27, 169
"/home/finn/Documents/honours-project/c-attempt/eigen3/Eigen/src/Core/StableNorm.h", "C++", 0, 180, 0, 42, 30, 252
"/home/finn/Documents/honours-project/c-attempt/eigen3/Eigen/src/Core/StlIterators.h", "C++", 0, 339, 0, 32, 93, 464
"/home/finn/Documents/honours-project/c-attempt/eigen3/Eigen/src/Core/Stride.h", "C++", 0, 53, 0, 51, 13, 117
"/home/finn/Documents/honours-project/c-attempt/eigen3/Eigen/src/Core/Swap.h", "C++", 0, 46, 0, 10, 13, 69
"/home/finn/Documents/honours-project/c-attempt/eigen3/Eigen/src/Core/Transpose.h", "C++", 0, 286, 0, 120, 59, 465
"/home/finn/Documents/honours-project/c-attempt/eigen3/Eigen/src/Core/Transpositions.h", "C++", 0, 223, 0, 97, 67, 387
"/home/finn/Documents/honours-project/c-attempt/eigen3/Eigen/src/Core/TriangularMatrix.h", "C++", 0, 670, 0, 185, 147, 1002
"/home/finn/Documents/honours-project/c-attempt/eigen3/Eigen/src/Core/VectorBlock.h", "C++", 0, 43, 0, 43, 11, 97
"/home/finn/Documents/honours-project/c-attempt/eigen3/Eigen/src/Core/VectorwiseOp.h", "C++", 0, 437, 0, 255, 93, 785
"/home/finn/Documents/honours-project/c-attempt/eigen3/Eigen/src/Core/Visitor.h", "C++", 0, 258, 0, 85, 39, 382
"/home/finn/Documents/honours-project/c-attempt/eigen3/Eigen/src/Core/arch/AVX/Complex.h", "C++", 0, 302, 0, 13, 58, 373
"/home/finn/Documents/honours-project/c-attempt/eigen3/Eigen/src/Core/arch/AVX/MathFunctions.h", "C++", 0, 151, 0, 39, 39, 229
"/home/finn/Documents/honours-project/c-attempt/eigen3/Eigen/src/Core/arch/AVX/PacketMath.h", "C++", 0, 1277, 0, 92, 206, 1575
"/home/finn/Documents/honours-project/c-attempt/eigen3/Eigen/src/Core/arch/AVX/TypeCasting.h", "C++", 0, 81, 0, 10, 25, 116
"/home/finn/Documents/honours-project/c-attempt/eigen3/Eigen/src/Core/arch/AVX512/Complex.h", "C++", 0, 349, 0, 10, 64, 423
"/home/finn/Documents/honours-project/c-attempt/eigen3/Eigen/src/Core/arch/AVX512/MathFunctions.h", "C++", 0, 236, 0, 55, 72, 363
"/home/finn/Documents/honours-project/c-attempt/eigen3/Eigen/src/Core/arch/AVX512/PacketMath.h", "C++", 0, 1957, 0, 84, 263, 2304
"/home/finn/Documents/honours-project/c-attempt/eigen3/Eigen/src/Core/arch/AVX512/TypeCasting.h", "C++", 0, 63, 0, 8, 19, 90
"/home/finn/Documents/honours-project/c-attempt/eigen3/Eigen/src/Core/arch/AltiVec/Complex.h", "C++", 0, 324, 0, 27, 67, 418
"/home/finn/Documents/honours-project/c-attempt/eigen3/Eigen/src/Core/arch/AltiVec/MathFunctions.h", "C++", 0, 63, 0, 11, 17, 91
"/home/finn/Documents/honours-project/c-attempt/eigen3/Eigen/src/Core/arch/AltiVec/MatrixProduct.h", "C++", 0, 2489, 0, 85, 364, 2938
"/home/finn/Documents/honours-project/c-attempt/eigen3/Eigen/src/Core/arch/AltiVec/MatrixProductCommon.h", "C++", 0, 182, 0, 5, 35, 222
"/home/finn/Documents/honours-project/c-attempt/eigen3/Eigen/src/Core/arch/AltiVec/MatrixProductMMA.h", "C++", 0, 521, 0, 15, 94, 630
"/home/finn/Documents/honours-project/c-attempt/eigen3/Eigen/src/Core/arch/AltiVec/PacketMath.h", "C++", 0, 2252, 0, 78, 382, 2712
"/home/finn/Documents/honours-project/c-attempt/eigen3/Eigen/src/Core/arch/CUDA/Complex.h", "C++", 0, 202, 0, 33, 24, 259
"/home/finn/Documents/honours-project/c-attempt/eigen3/Eigen/src/Core/arch/Default/BFloat16.h", "C++", 0, 443, 0, 195, 63, 701
"/home/finn/Documents/honours-project/c-attempt/eigen3/Eigen/src/Core/arch/Default/ConjHelper.h", "C++", 0, 84, 0, 13, 21, 118
"/home/finn/Documents/honours-project/c-attempt/eigen3/Eigen/src/Core/arch/Default/GenericPacketMathFunctions.h", "C++", 0, 917, 0, 560, 173, 1650
"/home/finn/Documents/honours-project/c-attempt/eigen3/Eigen/src/Core/arch/Default/GenericPacketMathFunctionsFwd.h", "C++", 0, 54, 0, 34, 23, 111
"/home/finn/Documents/honours-project/c-attempt/eigen3/Eigen/src/Core/arch/Default/Half.h", "C++", 0, 700, 0, 139, 104, 943
"/home/finn/Documents/honours-project/c-attempt/eigen3/Eigen/src/Core/arch/Default/Settings.h", "C++", 0, 15, 0, 25, 10, 50
"/home/finn/Documents/honours-project/c-attempt/eigen3/Eigen/src/Core/arch/Default/TypeCasting.h", "C++", 0, 88, 0, 9, 24, 121
"/home/finn/Documents/honours-project/c-attempt/eigen3/Eigen/src/Core/arch/GPU/MathFunctions.h", "C++", 0, 72, 0, 11, 21, 104
"/home/finn/Documents/honours-project/c-attempt/eigen3/Eigen/src/Core/arch/GPU/PacketMath.h", "C++", 0, 1461, 0, 28, 197, 1686
"/home/finn/Documents/honours-project/c-attempt/eigen3/Eigen/src/Core/arch/GPU/TypeCasting.h", "C++", 0, 54, 0, 10, 17, 81
"/home/finn/Documents/honours-project/c-attempt/eigen3/Eigen/src/Core/arch/HIP/hcc/math_constants.h", "C++", 0, 12, 0, 6, 6, 24
"/home/finn/Documents/honours-project/c-attempt/eigen3/Eigen/src/Core/arch/MSA/Complex.h", "C++", 0, 491, 0, 28, 130, 649
"/home/finn/Documents/honours-project/c-attempt/eigen3/Eigen/src/Core/arch/MSA/MathFunctions.h", "C++", 0, 239, 0, 86, 63, 388
"/home/finn/Documents/honours-project/c-attempt/eigen3/Eigen/src/Core/arch/MSA/PacketMath.h", "C++", 0, 941, 0, 48, 245, 1234
"/home/finn/Documents/honours-project/c-attempt/eigen3/Eigen/src/Core/arch/NEON/Complex.h", "C++", 0, 433, 0, 62, 90, 585
"/home/finn/Documents/honours-project/c-attempt/eigen3/Eigen/src/Core/arch/NEON/GeneralBlockPanelKernel.h", "C++", 0, 140, 0, 13, 31, 184
"/home/finn/Documents/honours-project/c-attempt/eigen3/Eigen/src/Core/arch/NEON/MathFunctions.h", "C++", 0, 49, 0, 8, 19, 76
"/home/finn/Documents/honours-project/c-attempt/eigen3/Eigen/src/Core/arch/NEON/PacketMath.h", "C++", 0, 4063, 0, 120, 405, 4588
"/home/finn/Documents/honours-project/c-attempt/eigen3/Eigen/src/Core/arch/NEON/TypeCasting.h", "C++", 0, 1222, 0, 80, 118, 1420
"/home/finn/Documents/honours-project/c-attempt/eigen3/Eigen/src/Core/arch/SSE/Complex.h", "C++", 0, 273, 0, 23, 56, 352
"/home/finn/Documents/honours-project/c-attempt/eigen3/Eigen/src/Core/arch/SSE/MathFunctions.h", "C++", 0, 120, 0, 38, 42, 200
"/home/finn/Documents/honours-project/c-attempt/eigen3/Eigen/src/Core/arch/SSE/PacketMath.h", "C++", 0, 1204, 0, 131, 171, 1506
"/home/finn/Documents/honours-project/c-attempt/eigen3/Eigen/src/Core/arch/SSE/TypeCasting.h", "C++", 0, 106, 0, 11, 26, 143
"/home/finn/Documents/honours-project/c-attempt/eigen3/Eigen/src/Core/arch/SVE/MathFunctions.h", "C++", 0, 27, 0, 9, 9, 45
"/home/finn/Documents/honours-project/c-attempt/eigen3/Eigen/src/Core/arch/SVE/PacketMath.h", "C++", 0, 603, 0, 35, 115, 753
"/home/finn/Documents/honours-project/c-attempt/eigen3/Eigen/src/Core/arch/SVE/TypeCasting.h", "C++", 0, 31, 0, 8, 11, 50
"/home/finn/Documents/honours-project/c-attempt/eigen3/Eigen/src/Core/arch/SYCL/InteropHeaders.h", "C++", 0, 181, 0, 28, 24, 233
"/home/finn/Documents/honours-project/c-attempt/eigen3/Eigen/src/Core/arch/SYCL/MathFunctions.h", "C++", 0, 219, 0, 30, 53, 302
"/home/finn/Documents/honours-project/c-attempt/eigen3/Eigen/src/Core/arch/SYCL/PacketMath.h", "C++", 0, 541, 0, 34, 96, 671
"/home/finn/Documents/honours-project/c-attempt/eigen3/Eigen/src/Core/arch/SYCL/SyclMemoryModel.h", "C++", 0, 380, 0, 227, 88, 695
"/home/finn/Documents/honours-project/c-attempt/eigen3/Eigen/src/Core/arch/SYCL/TypeCasting.h", "C++", 0, 52, 0, 19, 15, 86
"/home/finn/Documents/honours-project/c-attempt/eigen3/Eigen/src/Core/arch/ZVector/Complex.h", "C++", 0, 336, 0, 24, 67, 427
"/home/finn/Documents/honours-project/c-attempt/eigen3/Eigen/src/Core/arch/ZVector/MathFunctions.h", "C++", 0, 159, 0, 26, 49, 234
"/home/finn/Documents/honours-project/c-attempt/eigen3/Eigen/src/Core/arch/ZVector/PacketMath.h", "C++", 0, 851, 0, 52, 158, 1061
"/home/finn/Documents/honours-project/c-attempt/eigen3/Eigen/src/Core/functors/AssignmentFunctors.h", "C++", 0, 103, 0, 49, 26, 178
"/home/finn/Documents/honours-project/c-attempt/eigen3/Eigen/src/Core/functors/BinaryFunctors.h", "C++", 0, 388, 0, 92, 62, 542
"/home/finn/Documents/honours-project/c-attempt/eigen3/Eigen/src/Core/functors/NullaryFunctors.h", "C++", 0, 140, 0, 22, 28, 190
"/home/finn/Documents/honours-project/c-attempt/eigen3/Eigen/src/Core/functors/StlFunctors.h", "C++", 0, 110, 0, 15, 42, 167
"/home/finn/Documents/honours-project/c-attempt/eigen3/Eigen/src/Core/functors/TernaryFunctors.h", "C++", 0, 7, 0, 9, 10, 26
"/home/finn/Documents/honours-project/c-attempt/eigen3/Eigen/src/Core/functors/UnaryFunctors.h", "C++", 0, 778, 0, 277, 77, 1132
"/home/finn/Documents/honours-project/c-attempt/eigen3/Eigen/src/Core/products/GeneralBlockPanelKernel.h", "C++", 0, 1971, 0, 367, 308, 2646
"/home/finn/Documents/honours-project/c-attempt/eigen3/Eigen/src/Core/products/GeneralMatrixMatrix.h", "C++", 0, 373, 0, 54, 91, 518
"/home/finn/Documents/honours-project/c-attempt/eigen3/Eigen/src/Core/products/GeneralMatrixMatrixTriangular.h", "C++", 0, 221, 0, 38, 59, 318
"/home/finn/Documents/honours-project/c-attempt/eigen3/Eigen/src/Core/products/GeneralMatrixMatrixTriangular_BLAS.h", "C++", 0, 90, 0, 40, 16, 146
"/home/finn/Documents/honours-project/c-attempt/eigen3/Eigen/src/Core/products/GeneralMatrixMatrix_BLAS.h", "C++", 0, 76, 0, 38, 11, 125
"/home/finn/Documents/honours-project/c-attempt/eigen3/Eigen/src/Core/products/GeneralMatrixVector.h", "C++", 0, 423, 0, 40, 56, 519
"/home/finn/Documents/honours-project/c-attempt/eigen3/Eigen/src/Core/products/GeneralMatrixVector_BLAS.h", "C++", 0, 85, 0, 38, 14, 137
"/home/finn/Documents/honours-project/c-attempt/eigen3/Eigen/src/Core/products/Parallelizer.h", "C++", 0, 108, 0, 40, 33, 181
"/home/finn/Documents/honours-project/c-attempt/eigen3/Eigen/src/Core/products/SelfadjointMatrixMatrix.h", "C++", 0, 423, 0, 51, 71, 545
"/home/finn/Documents/honours-project/c-attempt/eigen3/Eigen/src/Core/products/SelfadjointMatrixMatrix_BLAS.h", "C++", 0, 246, 0, 33, 17, 296
"/home/finn/Documents/honours-project/c-attempt/eigen3/Eigen/src/Core/products/SelfadjointMatrixVector.h", "C++", 0, 196, 0, 19, 48, 263
"/home/finn/Documents/honours-project/c-attempt/eigen3/Eigen/src/Core/products/SelfadjointMatrixVector_BLAS.h", "C++", 0, 70, 0, 35, 14, 119
"/home/finn/Documents/honours-project/c-attempt/eigen3/Eigen/src/Core/products/SelfadjointProduct.h", "C++", 0, 93, 0, 14, 27, 134
"/home/finn/Documents/honours-project/c-attempt/eigen3/Eigen/src/Core/products/SelfadjointRank2Update.h", "C++", 0, 64, 0, 13, 18, 95
"/home/finn/Documents/honours-project/c-attempt/eigen3/Eigen/src/Core/products/TriangularMatrixMatrix.h", "C++", 0, 342, 0, 69, 62, 473
"/home/finn/Documents/honours-project/c-attempt/eigen3/Eigen/src/Core/products/TriangularMatrixMatrix_BLAS.h", "C++", 0, 269, 0, 34, 15, 318
"/home/finn/Documents/honours-project/c-attempt/eigen3/Eigen/src/Core/products/TriangularMatrixVector.h", "C++", 0, 280, 0, 14, 57, 351
"/home/finn/Documents/honours-project/c-attempt/eigen3/Eigen/src/Core/products/TriangularMatrixVector_BLAS.h", "C++", 0, 203, 0, 37, 16, 256
"/home/finn/Documents/honours-project/c-attempt/eigen3/Eigen/src/Core/products/TriangularSolverMatrix.h", "C++", 0, 250, 0, 40, 48, 338
"/home/finn/Documents/honours-project/c-attempt/eigen3/Eigen/src/Core/products/TriangularSolverMatrix_BLAS.h", "C++", 0, 124, 0, 33, 11, 168
"/home/finn/Documents/honours-project/c-attempt/eigen3/Eigen/src/Core/products/TriangularSolverVector.h", "C++", 0, 114, 0, 16, 19, 149
"/home/finn/Documents/honours-project/c-attempt/eigen3/Eigen/src/Core/util/BlasUtil.h", "C++", 0, 467, 0, 34, 83, 584
"/home/finn/Documents/honours-project/c-attempt/eigen3/Eigen/src/Core/util/ConfigureVectorization.h", "C++", 0, 335, 0, 112, 66, 513
"/home/finn/Documents/honours-project/c-attempt/eigen3/Eigen/src/Core/util/Constants.h", "C++", 0, 214, 0, 291, 59, 564
"/home/finn/Documents/honours-project/c-attempt/eigen3/Eigen/src/Core/util/DisableStupidWarnings.h", "C++", 0, 65, 0, 33, 9, 107
"/home/finn/Documents/honours-project/c-attempt/eigen3/Eigen/src/Core/util/ForwardDeclarations.h", "C++", 0, 242, 0, 37, 44, 323
"/home/finn/Documents/honours-project/c-attempt/eigen3/Eigen/src/Core/util/IndexedViewHelper.h", "C++", 0, 91, 0, 60, 36, 187
"/home/finn/Documents/honours-project/c-attempt/eigen3/Eigen/src/Core/util/IntegralConstant.h", "C++", 0, 103, 0, 136, 34, 273
"/home/finn/Documents/honours-project/c-attempt/eigen3/Eigen/src/Core/util/MKL_support.h", "C++", 0, 82, 0, 35, 21, 138
"/home/finn/Documents/honours-project/c-attempt/eigen3/Eigen/src/Core/util/Macros.h", "C++", 0, 900, 0, 367, 198, 1465
"/home/finn/Documents/honours-project/c-attempt/eigen3/Eigen/src/Core/util/Memory.h", "C++", 0, 802, 0, 224, 138, 1164
"/home/finn/Documents/honours-project/c-attempt/eigen3/Eigen/src/Core/util/Meta.h", "C++", 0, 590, 0, 103, 120, 813
"/home/finn/Documents/honours-project/c-attempt/eigen3/Eigen/src/Core/util/NonMPL2.h", "C++", 0, 3, 0, 0, 1, 4
"/home/finn/Documents/honours-project/c-attempt/eigen3/Eigen/src/Core/util/ReenableStupidWarnings.h", "C++", 0, 18, 0, 8, 6, 32
"/home/finn/Documents/honours-project/c-attempt/eigen3/Eigen/src/Core/util/ReshapedHelper.h", "C++", 0, 30, 0, 8, 14, 52
"/home/finn/Documents/honours-project/c-attempt/eigen3/Eigen/src/Core/util/StaticAssert.h", "C++", 0, 150, 0, 35, 37, 222
"/home/finn/Documents/honours-project/c-attempt/eigen3/Eigen/src/Core/util/SymbolicIndex.h", "C++", 0, 190, 0, 62, 42, 294
"/home/finn/Documents/honours-project/c-attempt/eigen3/Eigen/src/Core/util/XprHelper.h", "C++", 0, 573, 0, 165, 119, 857
"/home/finn/Documents/honours-project/c-attempt/eigen3/Eigen/src/Eigenvalues/ComplexEigenSolver.h", "C++", 0, 156, 0, 152, 39, 347
"/home/finn/Documents/honours-project/c-attempt/eigen3/Eigen/src/Eigenvalues/ComplexSchur.h", "C++", 0, 233, 0, 181, 49, 463
"/home/finn/Documents/honours-project/c-attempt/eigen3/Eigen/src/Eigenvalues/ComplexSchur_LAPACKE.h", "C++", 0, 52, 0, 32, 8, 92
"/home/finn/Documents/honours-project/c-attempt/eigen3/Eigen/src/Eigenvalues/EigenSolver.h", "C++", 0, 345, 0, 221, 57, 623
"/home/finn/Documents/honours-project/c-attempt/eigen3/Eigen/src/Eigenvalues/GeneralizedEigenSolver.h", "C++", 0, 202, 0, 180, 37, 419
"/home/finn/Documents/honours-project/c-attempt/eigen3/Eigen/src/Eigenvalues/GeneralizedSelfAdjointEigenSolver.h", "C++", 0, 70, 0, 130, 27, 227
"/home/finn/Documents/honours-project/c-attempt/eigen3/Eigen/src/Eigenvalues/HessenbergDecomposition.h", "C++", 0, 138, 0, 202, 35, 375
"/home/finn/Documents/honours-project/c-attempt/eigen3/Eigen/src/Eigenvalues/MatrixBaseEigenvalues.h", "C++", 0, 61, 0, 83, 15, 159
"/home/finn/Documents/honours-project/c-attempt/eigen3/Eigen/src/Eigenvalues/RealQZ.h", "C++", 0, 435, 0, 162, 61, 658
"/home/finn/Documents/honours-project/c-attempt/eigen3/Eigen/src/Eigenvalues/RealSchur.h", "C++", 0, 335, 0, 165, 59, 559
"/home/finn/Documents/honours-project/c-attempt/eigen3/Eigen/src/Eigenvalues/RealSchur_LAPACKE.h", "C++", 0, 38, 0, 32, 8, 78
"/home/finn/Documents/honours-project/c-attempt/eigen3/Eigen/src/Eigenvalues/SelfAdjointEigenSolver.h", "C++", 0, 476, 0, 333, 96, 905
"/home/finn/Documents/honours-project/c-attempt/eigen3/Eigen/src/Eigenvalues/SelfAdjointEigenSolver_LAPACKE.h", "C++", 0, 47, 0, 32, 9, 88
"/home/finn/Documents/honours-project/c-attempt/eigen3/Eigen/src/Eigenvalues/Tridiagonalization.h", "C++", 0, 242, 0, 271, 49, 562
"/home/finn/Documents/honours-project/c-attempt/eigen3/Eigen/src/Geometry/AlignedBox.h", "C++", 0, 242, 0, 181, 64, 487
"/home/finn/Documents/honours-project/c-attempt/eigen3/Eigen/src/Geometry/AngleAxis.h", "C++", 0, 126, 0, 84, 38, 248
"/home/finn/Documents/honours-project/c-attempt/eigen3/Eigen/src/Geometry/EulerAngles.h", "C++", 0, 65, 0, 38, 12, 115
"/home/finn/Documents/honours-project/c-attempt/eigen3/Eigen/src/Geometry/Homogeneous.h", "C++", 0, 359, 0, 82, 61, 502
"/home/finn/Documents/honours-project/c-attempt/eigen3/Eigen/src/Geometry/Hyperplane.h", "C++", 0, 144, 0, 105, 34, 283
"/home/finn/Documents/honours-project/c-attempt/eigen3/Eigen/src/Geometry/OrthoMethods.h", "C++", 0, 152, 0, 59, 25, 236
"/home/finn/Documents/honours-project/c-attempt/eigen3/Eigen/src/Geometry/ParametrizedLine.h", "C++", 0, 125, 0, 73, 35, 233
"/home/finn/Documents/honours-project/c-attempt/eigen3/Eigen/src/Geometry/Quaternion.h", "C++", 0, 475, 0, 272, 124, 871
"/home/finn/Documents/honours-project/c-attempt/eigen3/Eigen/src/Geometry/Rotation2D.h", "C++", 0, 94, 0, 69, 37, 200
"/home/finn/Documents/honours-project/c-attempt/eigen3/Eigen/src/Geometry/RotationBase.h", "C++", 0, 115, 0, 61, 31, 207
"/home/finn/Documents/honours-project/c-attempt/eigen3/Eigen/src/Geometry/Scaling.h", "C++", 0, 93, 0, 66, 30, 189
"/home/finn/Documents/honours-project/c-attempt/eigen3/Eigen/src/Geometry/Transform.h", "C++", 0, 950, 0, 448, 166, 1564
"/home/finn/Documents/honours-project/c-attempt/eigen3/Eigen/src/Geometry/Translation.h", "C++", 0, 113, 0, 60, 30, 203
"/home/finn/Documents/honours-project/c-attempt/eigen3/Eigen/src/Geometry/Umeyama.h", "C++", 0, 67, 0, 69, 31, 167
"/home/finn/Documents/honours-project/c-attempt/eigen3/Eigen/src/Geometry/arch/Geometry_SIMD.h", "C++", 0, 124, 0, 20, 25, 169
"/home/finn/Documents/honours-project/c-attempt/eigen3/Eigen/src/Householder/BlockHouseholder.h", "C++", 0, 47, 0, 47, 17, 111
"/home/finn/Documents/honours-project/c-attempt/eigen3/Eigen/src/Householder/Householder.h", "C++", 0, 94, 0, 70, 13, 177
"/home/finn/Documents/honours-project/c-attempt/eigen3/Eigen/src/Householder/HouseholderSequence.h", "C++", 0, 330, 0, 163, 53, 546
"/home/finn/Documents/honours-project/c-attempt/eigen3/Eigen/src/IterativeLinearSolvers/BasicPreconditioners.h", "C++", 0, 141, 0, 54, 32, 227
"/home/finn/Documents/honours-project/c-attempt/eigen3/Eigen/src/IterativeLinearSolvers/BiCGSTAB.h", "C++", 0, 115, 0, 64, 34, 213
"/home/finn/Documents/honours-project/c-attempt/eigen3/Eigen/src/IterativeLinearSolvers/ConjugateGradient.h", "C++", 0, 121, 0, 76, 33, 230
"/home/finn/Documents/honours-project/c-attempt/eigen3/Eigen/src/IterativeLinearSolvers/IncompleteCholesky.h", "C++", 0, 250, 0, 101, 44, 395
"/home/finn/Documents/honours-project/c-attempt/eigen3/Eigen/src/IterativeLinearSolvers/IncompleteLUT.h", "C++", 0, 293, 0, 105, 56, 454
"/home/finn/Documents/honours-project/c-attempt/eigen3/Eigen/src/IterativeLinearSolvers/IterativeSolverBase.h", "C++", 0, 293, 0, 87, 65, 445
"/home/finn/Documents/honours-project/c-attempt/eigen3/Eigen/src/IterativeLinearSolvers/LeastSquareConjugateGradient.h", "C++", 0, 103, 0, 66, 30, 199
"/home/finn/Documents/honours-project/c-attempt/eigen3/Eigen/src/IterativeLinearSolvers/SolveWithGuess.h", "C++", 0, 71, 0, 23, 24, 118
"/home/finn/Documents/honours-project/c-attempt/eigen3/Eigen/src/Jacobi/Jacobi.h", "C++", 0, 344, 0, 89, 51, 484
"/home/finn/Documents/honours-project/c-attempt/eigen3/Eigen/src/KLUSupport/KLUSupport.h", "C++", 0, 237, 0, 60, 62, 359
"/home/finn/Documents/honours-project/c-attempt/eigen3/Eigen/src/LU/Determinant.h", "C++", 0, 91, 0, 12, 15, 118
"/home/finn/Documents/honours-project/c-attempt/eigen3/Eigen/src/LU/FullPivLU.h", "C++", 0, 448, 0, 320, 110, 878
"/home/finn/Documents/honours-project/c-attempt/eigen3/Eigen/src/LU/InverseImpl.h", "C++", 0, 304, 0, 89, 40, 433
"/home/finn/Documents/honours-project/c-attempt/eigen3/Eigen/src/LU/PartialPivLU.h", "C++", 0, 336, 0, 207, 82, 625
"/home/finn/Documents/honours-project/c-attempt/eigen3/Eigen/src/LU/PartialPivLU_LAPACKE.h", "C++", 0, 42, 0, 32, 10, 84
"/home/finn/Documents/honours-project/c-attempt/eigen3/Eigen/src/LU/arch/InverseSize4.h", "C++", 0, 231, 0, 65, 56, 352
"/home/finn/Documents/honours-project/c-attempt/eigen3/Eigen/src/MetisSupport/MetisSupport.h", "C++", 0, 94, 0, 31, 13, 138
"/home/finn/Documents/honours-project/c-attempt/eigen3/Eigen/src/OrderingMethods/Amd.h", "C++", 0, 365, 0, 40, 31, 436
"/home/finn/Documents/honours-project/c-attempt/eigen3/Eigen/src/OrderingMethods/Eigen_Colamd.h", "C++", 0, 1087, 0, 481, 296, 1864
"/home/finn/Documents/honours-project/c-attempt/eigen3/Eigen/src/OrderingMethods/Ordering.h", "C++", 0, 77, 0, 54, 23, 154
"/home/finn/Documents/honours-project/c-attempt/eigen3/Eigen/src/PaStiXSupport/PaStiXSupport.h", "C++", 0, 440, 0, 151, 88, 679
"/home/finn/Documents/honours-project/c-attempt/eigen3/Eigen/src/PardisoSupport/PardisoSupport.h", "C++", 0, 354, 0, 121, 71, 546
"/home/finn/Documents/honours-project/c-attempt/eigen3/Eigen/src/QR/ColPivHouseholderQR.h", "C++", 0, 357, 0, 232, 86, 675
"/home/finn/Documents/honours-project/c-attempt/eigen3/Eigen/src/QR/ColPivHouseholderQR_LAPACKE.h", "C++", 0, 56, 0, 33, 9, 98
"/home/finn/Documents/honours-project/c-attempt/eigen3/Eigen/src/QR/CompleteOrthogonalDecomposition.h", "C++", 0, 302, 0, 261, 73, 636
"/home/finn/Documents/honours-project/c-attempt/eigen3/Eigen/src/QR/FullPivHouseholderQR.h", "C++", 0, 407, 0, 216, 91, 714
"/home/finn/Documents/honours-project/c-attempt/eigen3/Eigen/src/QR/HouseholderQR.h", "C++", 0, 227, 0, 143, 65, 435
"/home/finn/Documents/honours-project/c-attempt/eigen3/Eigen/src/QR/HouseholderQR_LAPACKE.h", "C++", 0, 26, 0, 33, 10, 69
"/home/finn/Documents/honours-project/c-attempt/eigen3/Eigen/src/SPQRSupport/SuiteSparseQRSupport.h", "C++", 0, 239, 0, 69, 28, 336
"/home/finn/Documents/honours-project/c-attempt/eigen3/Eigen/src/SVD/BDCSVD.h", "C++", 0, 998, 0, 222, 147, 1367
"/home/finn/Documents/honours-project/c-attempt/eigen3/Eigen/src/SVD/JacobiSVD.h", "C++", 0, 581, 0, 146, 86, 813
"/home/finn/Documents/honours-project/c-attempt/eigen3/Eigen/src/SVD/JacobiSVD_LAPACKE.h", "C++", 0, 51, 0, 32, 9, 92
"/home/finn/Documents/honours-project/c-attempt/eigen3/Eigen/src/SVD/SVDBase.h", "C++", 0, 207, 0, 126, 44, 377
"/home/finn/Documents/honours-project/c-attempt/eigen3/Eigen/src/SVD/UpperBidiagonalization.h", "C++", 0, 269, 0, 84, 62, 415
"/home/finn/Documents/honours-project/c-attempt/eigen3/Eigen/src/SparseCholesky/SimplicialCholesky.h", "C++", 0, 466, 0, 145, 87, 698
"/home/finn/Documents/honours-project/c-attempt/eigen3/Eigen/src/SparseCholesky/SimplicialCholesky_impl.h", "C++", 0, 127, 0, 24, 24, 175
"/home/finn/Documents/honours-project/c-attempt/eigen3/Eigen/src/SparseCore/AmbiVector.h", "C++", 0, 300, 0, 40, 39, 379
"/home/finn/Documents/honours-project/c-attempt/eigen3/Eigen/src/SparseCore/CompressedStorage.h", "C++", 0, 209, 0, 27, 39, 275
"/home/finn/Documents/honours-project/c-attempt/eigen3/Eigen/src/SparseCore/ConservativeSparseSparseProduct.h", "C++", 0, 275, 0, 31, 47, 353
"/home/finn/Documents/honours-project/c-attempt/eigen3/Eigen/src/SparseCore/MappedSparseMatrix.h", "C++", 0, 34, 0, 19, 15, 68
"/home/finn/Documents/honours-project/c-attempt/eigen3/Eigen/src/SparseCore/SparseAssign.h", "C++", 0, 204, 0, 21, 46, 271
"/home/finn/Documents/honours-project/c-attempt/eigen3/Eigen/src/SparseCore/SparseBlock.h", "C++", 0, 427, 0, 42, 103, 572
"/home/finn/Documents/honours-project/c-attempt/eigen3/Eigen/src/SparseCore/SparseColEtree.h", "C++", 0, 123, 0, 64, 20, 207
"/home/finn/Documents/honours-project/c-attempt/eigen3/Eigen/src/SparseCore/SparseCompressedBase.h", "C++", 0, 242, 0, 68, 61, 371
"/home/finn/Documents/honours-project/c-attempt/eigen3/Eigen/src/SparseCore/SparseCwiseBinaryOp.h", "C++", 0, 571, 0, 43, 109, 723
"/home/finn/Documents/honours-project/c-attempt/eigen3/Eigen/src/SparseCore/SparseCwiseUnaryOp.h", "C++", 0, 111, 0, 8, 32, 151
"/home/finn/Documents/honours-project/c-attempt/eigen3/Eigen/src/SparseCore/SparseDenseProduct.h", "C++", 0, 264, 0, 28, 51, 343
"/home/finn/Documents/honours-project/c-attempt/eigen3/Eigen/src/SparseCore/SparseDiagonalProduct.h", "C++", 0, 90, 0, 19, 30, 139
"/home/finn/Documents/honours-project/c-attempt/eigen3/Eigen/src/SparseCore/SparseDot.h", "C++", 0, 76, 0, 8, 15, 99
"/home/finn/Documents/honours-project/c-attempt/eigen3/Eigen/src/SparseCore/SparseFuzzy.h", "C++", 0, 15, 0, 8, 7, 30
"/home/finn/Documents/honours-project/c-attempt/eigen3/Eigen/src/SparseCore/SparseMap.h", "C++", 0, 194, 0, 67, 45, 306
"/home/finn/Documents/honours-project/c-attempt/eigen3/Eigen/src/SparseCore/SparseMatrix.h", "C++", 0, 1028, 0, 329, 162, 1519
"/home/finn/Documents/honours-project/c-attempt/eigen3/Eigen/src/SparseCore/SparseMatrixBase.h", "C++", 0, 241, 0, 81, 77, 399
"/home/finn/Documents/honours-project/c-attempt/eigen3/Eigen/src/SparseCore/SparsePermutation.h", "C++", 0, 128, 0, 20, 31, 179
"/home/finn/Documents/honours-project/c-attempt/eigen3/Eigen/src/SparseCore/SparseProduct.h", "C++", 0, 126, 0, 31, 25, 182
"/home/finn/Documents/honours-project/c-attempt/eigen3/Eigen/src/SparseCore/SparseRedux.h", "C++", 0, 34, 0, 8, 8, 50
"/home/finn/Documents/honours-project/c-attempt/eigen3/Eigen/src/SparseCore/SparseRef.h", "C++", 0, 300, 0, 35, 63, 398
"/home/finn/Documents/honours-project/c-attempt/eigen3/Eigen/src/SparseCore/SparseSelfAdjointView.h", "C++", 0, 482, 0, 77, 101, 660
"/home/finn/Documents/honours-project/c-attempt/eigen3/Eigen/src/SparseCore/SparseSolverBase.h", "C++", 0, 75, 0, 32, 18, 125
"/home/finn/Documents/honours-project/c-attempt/eigen3/Eigen/src/SparseCore/SparseSparseProductWithPruning.h", "C++", 0, 141, 0, 31, 27, 199
"/home/finn/Documents/honours-project/c-attempt/eigen3/Eigen/src/SparseCore/SparseTranspose.h", "C++", 0, 65, 0, 8, 20, 93
"/home/finn/Documents/honours-project/c-attempt/eigen3/Eigen/src/SparseCore/SparseTriangularView.h", "C++", 0, 134, 0, 23, 33, 190
"/home/finn/Documents/honours-project/c-attempt/eigen3/Eigen/src/SparseCore/SparseUtil.h", "C++", 0, 128, 0, 21, 38, 187
"/home/finn/Documents/honours-project/c-attempt/eigen3/Eigen/src/SparseCore/SparseVector.h", "C++", 0, 332, 0, 68, 79, 479
"/home/finn/Documents/honours-project/c-attempt/eigen3/Eigen/src/SparseCore/SparseView.h", "C++", 0, 157, 0, 56, 42, 255
"/home/finn/Documents/honours-project/c-attempt/eigen3/Eigen/src/SparseCore/TriangularSolver.h", "C++", 0, 254, 0, 28, 34, 316
"/home/finn/Documents/honours-project/c-attempt/eigen3/Eigen/src/SparseLU/SparseLU.h", "C++", 0, 569, 0, 251, 104, 924
"/home/finn/Documents/honours-project/c-attempt/eigen3/Eigen/src/SparseLU/SparseLUImpl.h", "C++", 0, 47, 0, 12, 8, 67
"/home/finn/Documents/honours-project/c-attempt/eigen3/Eigen/src/SparseLU/SparseLU_Memory.h", "C++", 0, 132, 0, 68, 27, 227
"/home/finn/Documents/honours-project/c-attempt/eigen3/Eigen/src/SparseLU/SparseLU_Structs.h", "C++", 0, 34, 0, 69, 8, 111
"/home/finn/Documents/honours-project/c-attempt/eigen3/Eigen/src/SparseLU/SparseLU_SupernodalMatrix.h", "C++", 0, 249, 0, 78, 49, 376
"/home/finn/Documents/honours-project/c-attempt/eigen3/Eigen/src/SparseLU/SparseLU_Utils.h", "C++", 0, 49, 0, 20, 12, 81
"/home/finn/Documents/honours-project/c-attempt/eigen3/Eigen/src/SparseLU/SparseLU_column_bmod.h", "C++", 0, 89, 0, 70, 23, 182
"/home/finn/Documents/honours-project/c-attempt/eigen3/Eigen/src/SparseLU/SparseLU_column_dfs.h", "C++", 0, 88, 0, 67, 25, 180
"/home/finn/Documents/honours-project/c-attempt/eigen3/Eigen/src/SparseLU/SparseLU_copy_to_ucol.h", "C++", 0, 53, 0, 43, 12, 108
"/home/finn/Documents/honours-project/c-attempt/eigen3/Eigen/src/SparseLU/SparseLU_gemm_kernel.h", "C++", 0, 216, 0, 29, 36, 281
"/home/finn/Documents/honours-project/c-attempt/eigen3/Eigen/src/SparseLU/SparseLU_heap_relax_snode.h", "C++", 0, 72, 0, 44, 11, 127
"/home/finn/Documents/honours-project/c-attempt/eigen3/Eigen/src/SparseLU/SparseLU_kernel_bmod.h", "C++", 0, 86, 0, 30, 15, 131
"/home/finn/Documents/honours-project/c-attempt/eigen3/Eigen/src/SparseLU/SparseLU_panel_bmod.h", "C++", 0, 132, 0, 62, 30, 224
"/home/finn/Documents/honours-project/c-attempt/eigen3/Eigen/src/SparseLU/SparseLU_panel_dfs.h", "C++", 0, 137, 0, 86, 36, 259
"/home/finn/Documents/honours-project/c-attempt/eigen3/Eigen/src/SparseLU/SparseLU_pivotL.h", "C++", 0, 63, 0, 62, 13, 138
"/home/finn/Documents/honours-project/c-attempt/eigen3/Eigen/src/SparseLU/SparseLU_pruneL.h", "C++", 0, 66, 0, 58, 13, 137
"/home/finn/Documents/honours-project/c-attempt/eigen3/Eigen/src/SparseLU/SparseLU_relax_snode.h", "C++", 0, 34, 0, 40, 10, 84
"/home/finn/Documents/honours-project/c-attempt/eigen3/Eigen/src/SparseQR/SparseQR.h", "C++", 0, 479, 0, 195, 85, 759
"/home/finn/Documents/honours-project/c-attempt/eigen3/Eigen/src/StlSupport/StdDeque.h", "C++", 0, 88, 0, 17, 12, 117
"/home/finn/Documents/honours-project/c-attempt/eigen3/Eigen/src/StlSupport/StdList.h", "C++", 0, 79, 0, 15, 13, 107
"/home/finn/Documents/honours-project/c-attempt/eigen3/Eigen/src/StlSupport/StdVector.h", "C++", 0, 99, 0, 21, 12, 132
"/home/finn/Documents/honours-project/c-attempt/eigen3/Eigen/src/StlSupport/details.h", "C++", 0, 57, 0, 13, 15, 85
"/home/finn/Documents/honours-project/c-attempt/eigen3/Eigen/src/SuperLUSupport/SuperLUSupport.h", "C++", 0, 750, 0, 117, 159, 1026
"/home/finn/Documents/honours-project/c-attempt/eigen3/Eigen/src/UmfPackSupport/UmfPackSupport.h", "C++", 0, 439, 0, 94, 110, 643
"/home/finn/Documents/honours-project/c-attempt/eigen3/Eigen/src/misc/Image.h", "C++", 0, 57, 0, 12, 14, 83
"/home/finn/Documents/honours-project/c-attempt/eigen3/Eigen/src/misc/Kernel.h", "C++", 0, 52, 0, 14, 14, 80
"/home/finn/Documents/honours-project/c-attempt/eigen3/Eigen/src/misc/RealSvd2x2.h", "C++", 0, 36, 0, 11, 9, 56
"/home/finn/Documents/honours-project/c-attempt/eigen3/Eigen/src/misc/blas.h", "C++", 0, 370, 0, 2, 69, 441
"/home/finn/Documents/honours-project/c-attempt/eigen3/Eigen/src/misc/lapack.h", "C++", 0, 128, 0, 0, 25, 153
"/home/finn/Documents/honours-project/c-attempt/eigen3/Eigen/src/misc/lapacke.h", "C++", 0, 15567, 0, 64, 662, 16293
"/home/finn/Documents/honours-project/c-attempt/eigen3/Eigen/src/misc/lapacke_mangling.h", "C++", 0, 14, 0, 0, 4, 18
"/home/finn/Documents/honours-project/c-attempt/eigen3/Eigen/src/plugins/ArrayCwiseBinaryOps.h", "C++", 0, 147, 0, 181, 31, 359
"/home/finn/Documents/honours-project/c-attempt/eigen3/Eigen/src/plugins/ArrayCwiseUnaryOps.h", "C++", 0, 313, 0, 329, 55, 697
"/home/finn/Documents/honours-project/c-attempt/eigen3/Eigen/src/plugins/BlockMethods.h", "C++", 0, 697, 0, 637, 109, 1443
"/home/finn/Documents/honours-project/c-attempt/eigen3/Eigen/src/plugins/CommonCwiseBinaryOps.h", "C++", 0, 41, 0, 63, 12, 116
"/home/finn/Documents/honours-project/c-attempt/eigen3/Eigen/src/plugins/CommonCwiseUnaryOps.h", "C++", 0, 78, 0, 82, 18, 178
"/home/finn/Documents/honours-project/c-attempt/eigen3/Eigen/src/plugins/IndexedViewMethods.h", "C++", 0, 167, 0, 53, 43, 263
"/home/finn/Documents/honours-project/c-attempt/eigen3/Eigen/src/plugins/MatrixCwiseBinaryOps.h", "C++", 0, 61, 0, 79, 13, 153
"/home/finn/Documents/honours-project/c-attempt/eigen3/Eigen/src/plugins/MatrixCwiseUnaryOps.h", "C++", 0, 30, 0, 54, 12, 96
"/home/finn/Documents/honours-project/c-attempt/eigen3/Eigen/src/plugins/ReshapedMethods.h", "C++", 0, 79, 0, 51, 20, 150
"/home/finn/Documents/honours-project/c-attempt/fast_gp.h", "C++", 0, 169, 0, 67, 88, 324
"/home/finn/Documents/honours-project/c-attempt/figure-generation/alpha_plot.py", "Python", 21, 0, 0, 2, 6, 29
"/home/finn/Documents/honours-project/c-attempt/figure-generation/confocal_scan.py", "Python", 82, 0, 0, 7, 37, 126
"/home/finn/Documents/honours-project/c-attempt/figure-generation/correlation_plot.py", "Python", 28, 0, 0, 2, 10, 40
"/home/finn/Documents/honours-project/c-attempt/figure-generation/g2_ring_comparison.py", "Python", 68, 0, 0, 13, 53, 134
"/home/finn/Documents/honours-project/c-attempt/figure-generation/gouy_phase.py", "Python", 21, 0, 0, 1, 6, 28
"/home/finn/Documents/honours-project/c-attempt/figure-generation/hexagonal_cores.py", "Python", 132, 0, 0, 10, 84, 226
"/home/finn/Documents/honours-project/c-attempt/figure-generation/isolines.py", "Python", 140, 0, 0, 9, 46, 195
"/home/finn/Documents/honours-project/c-attempt/figure-generation/isosurface.py", "Python", 396, 0, 0, 20, 179, 595
"/home/finn/Documents/honours-project/c-attempt/figure-generation/peanut.py", "Python", 44, 0, 0, 1, 16, 61
"/home/finn/Documents/honours-project/c-attempt/figure-generation/resolution_degradation.py", "Python", 12, 0, 0, 3, 7, 22
"/home/finn/Documents/honours-project/c-attempt/figure-generation/worboy_scan.py", "Python", 44, 0, 0, 1, 16, 61
"/home/finn/Documents/honours-project/c-attempt/finite-time/main.cpp", "C++", 0, 8, 0, 1, 3, 12
"/home/finn/Documents/honours-project/c-attempt/finite-time/main_config.h", "C++", 0, 14, 0, 1, 5, 20
"/home/finn/Documents/honours-project/c-attempt/finite-time/main_noise_response.cpp", "C++", 0, 110, 0, 42, 58, 210
"/home/finn/Documents/honours-project/c-attempt/finite-time/main_simple.cpp", "C++", 0, 108, 0, 54, 59, 221
"/home/finn/Documents/honours-project/c-attempt/finite-time/plot_noise_response.py", "Python", 42, 0, 0, 32, 25, 99
"/home/finn/Documents/honours-project/c-attempt/finite-time/plot_simple.py", "Python", 59, 0, 0, 8, 28, 95
"/home/finn/Documents/honours-project/c-attempt/multicore-localization-inf-time/main.cpp", "C++", 0, 8, 0, 1, 3, 12
"/home/finn/Documents/honours-project/c-attempt/multicore-localization-inf-time/main_config.h", "C++", 0, 15, 0, 0, 5, 20
"/home/finn/Documents/honours-project/c-attempt/multicore-localization-inf-time/main_noise_response.cpp", "C++", 0, 121, 0, 8, 54, 183
"/home/finn/Documents/honours-project/c-attempt/multicore-localization-inf-time/main_simple.cpp", "C++", 0, 99, 0, 15, 40, 154
"/home/finn/Documents/honours-project/c-attempt/multicore-localization-inf-time/plot_noise_response.py", "Python", 61, 0, 0, 39, 33, 133
"/home/finn/Documents/honours-project/c-attempt/multicore-localization-inf-time/plot_simple.py", "Python", 56, 0, 0, 3, 24, 83
"/home/finn/Documents/honours-project/c-attempt/multicore-monte-carlo/main.cpp", "C++", 0, 138, 0, 20, 58, 216
"/home/finn/Documents/honours-project/c-attempt/multicore-monte-carlo/plot_debug.py", "Python", 55, 0, 0, 7, 24, 86
"/home/finn/Documents/honours-project/c-attempt/multicore_experiments.h", "C++", 0, 168, 0, 23, 74, 265
"/home/finn/Documents/honours-project/c-attempt/optim/BaseMatrixOps/include/BaseMatrixOps.hpp", "C++", 0, 12, 0, 21, 9, 42
"/home/finn/Documents/honours-project/c-attempt/optim/BaseMatrixOps/include/core/abs.hpp", "C++", 0, 8, 0, 24, 8, 40
"/home/finn/Documents/honours-project/c-attempt/optim/BaseMatrixOps/include/core/abs_max.hpp", "C++", 0, 14, 0, 22, 9, 45
"/home/finn/Documents/honours-project/c-attempt/optim/BaseMatrixOps/include/core/access.hpp", "C++", 0, 14, 0, 23, 7, 44
"/home/finn/Documents/honours-project/c-attempt/optim/BaseMatrixOps/include/core/accu.hpp", "C++", 0, 10, 0, 21, 7, 38
"/home/finn/Documents/honours-project/c-attempt/optim/BaseMatrixOps/include/core/array_add.hpp", "C++", 0, 10, 0, 21, 7, 38
"/home/finn/Documents/honours-project/c-attempt/optim/BaseMatrixOps/include/core/array_div.hpp", "C++", 0, 12, 0, 21, 7, 40
"/home/finn/Documents/honours-project/c-attempt/optim/BaseMatrixOps/include/core/array_mult.hpp", "C++", 0, 10, 0, 21, 7, 38
"/home/finn/Documents/honours-project/c-attempt/optim/BaseMatrixOps/include/core/as_scalar.hpp", "C++", 0, 8, 0, 21, 7, 36
"/home/finn/Documents/honours-project/c-attempt/optim/BaseMatrixOps/include/core/bmo_core.hpp", "C++", 0, 47, 0, 21, 6, 74
"/home/finn/Documents/honours-project/c-attempt/optim/BaseMatrixOps/include/core/cholesky.hpp", "C++", 0, 8, 0, 27, 8, 43
"/home/finn/Documents/honours-project/c-attempt/optim/BaseMatrixOps/include/core/constant.hpp", "C++", 0, 12, 0, 24, 8, 44
"/home/finn/Documents/honours-project/c-attempt/optim/BaseMatrixOps/include/core/cos.hpp", "C++", 0, 8, 0, 21, 7, 36
"/home/finn/Documents/honours-project/c-attempt/optim/BaseMatrixOps/include/core/cout.hpp", "C++", 0, 8, 0, 24, 8, 40
"/home/finn/Documents/honours-project/c-attempt/optim/BaseMatrixOps/include/core/diagmat.hpp", "C++", 0, 8, 0, 24, 8, 40
"/home/finn/Documents/honours-project/c-attempt/optim/BaseMatrixOps/include/core/diagvec.hpp", "C++", 0, 8, 0, 24, 8, 40
"/home/finn/Documents/honours-project/c-attempt/optim/BaseMatrixOps/include/core/dot.hpp", "C++", 0, 8, 0, 24, 8, 40
"/home/finn/Documents/honours-project/c-attempt/optim/BaseMatrixOps/include/core/endl.hpp", "C++", 0, 8, 0, 24, 8, 40
"/home/finn/Documents/honours-project/c-attempt/optim/BaseMatrixOps/include/core/eval.hpp", "C++", 0, 8, 0, 21, 7, 36
"/home/finn/Documents/honours-project/c-attempt/optim/BaseMatrixOps/include/core/exp.hpp", "C++", 0, 8, 0, 21, 7, 36
"/home/finn/Documents/honours-project/c-attempt/optim/BaseMatrixOps/include/core/eye.hpp", "C++", 0, 8, 0, 24, 8, 40
"/home/finn/Documents/honours-project/c-attempt/optim/BaseMatrixOps/include/core/hadamard.hpp", "C++", 0, 8, 0, 24, 8, 40
"/home/finn/Documents/honours-project/c-attempt/optim/BaseMatrixOps/include/core/inv.hpp", "C++", 0, 8, 0, 24, 8, 40
"/home/finn/Documents/honours-project/c-attempt/optim/BaseMatrixOps/include/core/is_finite.hpp", "C++", 0, 8, 0, 22, 7, 37
"/home/finn/Documents/honours-project/c-attempt/optim/BaseMatrixOps/include/core/log.hpp", "C++", 0, 8, 0, 21, 7, 36
"/home/finn/Documents/honours-project/c-attempt/optim/BaseMatrixOps/include/core/log_det.hpp", "C++", 0, 8, 0, 25, 8, 41
"/home/finn/Documents/honours-project/c-attempt/optim/BaseMatrixOps/include/core/max.hpp", "C++", 0, 14, 0, 22, 9, 45
"/home/finn/Documents/honours-project/c-attempt/optim/BaseMatrixOps/include/core/min.hpp", "C++", 0, 14, 0, 21, 9, 44
"/home/finn/Documents/honours-project/c-attempt/optim/BaseMatrixOps/include/core/ncol.hpp", "C++", 0, 8, 0, 21, 7, 36
"/home/finn/Documents/honours-project/c-attempt/optim/BaseMatrixOps/include/core/norm.hpp", "C++", 0, 16, 0, 25, 8, 49
"/home/finn/Documents/honours-project/c-attempt/optim/BaseMatrixOps/include/core/ones.hpp", "C++", 0, 12, 0, 24, 8, 44
"/home/finn/Documents/honours-project/c-attempt/optim/BaseMatrixOps/include/core/pow.hpp", "C++", 0, 8, 0, 21, 7, 36
"/home/finn/Documents/honours-project/c-attempt/optim/BaseMatrixOps/include/core/quad_form.hpp", "C++", 0, 10, 0, 26, 8, 44
"/home/finn/Documents/honours-project/c-attempt/optim/BaseMatrixOps/include/core/randi.hpp", "C++", 0, 12, 0, 21, 7, 40
"/home/finn/Documents/honours-project/c-attempt/optim/BaseMatrixOps/include/core/randn.hpp", "C++", 0, 12, 0, 42, 11, 65
"/home/finn/Documents/honours-project/c-attempt/optim/BaseMatrixOps/include/core/randu.hpp", "C++", 0, 12, 0, 23, 7, 42
"/home/finn/Documents/honours-project/c-attempt/optim/BaseMatrixOps/include/core/set_size.hpp", "C++", 0, 10, 0, 22, 7, 39
"/home/finn/Documents/honours-project/c-attempt/optim/BaseMatrixOps/include/core/set_values.hpp", "C++", 0, 8, 0, 22, 7, 37
"/home/finn/Documents/honours-project/c-attempt/optim/BaseMatrixOps/include/core/size.hpp", "C++", 0, 8, 0, 21, 7, 36
"/home/finn/Documents/honours-project/c-attempt/optim/BaseMatrixOps/include/core/solve.hpp", "C++", 0, 8, 0, 24, 8, 40
"/home/finn/Documents/honours-project/c-attempt/optim/BaseMatrixOps/include/core/sort.hpp", "C++", 0, 16, 0, 22, 7, 45
"/home/finn/Documents/honours-project/c-attempt/optim/BaseMatrixOps/include/core/sqrt.hpp", "C++", 0, 8, 0, 21, 7, 36
"/home/finn/Documents/honours-project/c-attempt/optim/BaseMatrixOps/include/core/sum.hpp", "C++", 0, 12, 0, 21, 7, 40
"/home/finn/Documents/honours-project/c-attempt/optim/BaseMatrixOps/include/core/trace.hpp", "C++", 0, 8, 0, 21, 7, 36
"/home/finn/Documents/honours-project/c-attempt/optim/BaseMatrixOps/include/core/transpose.hpp", "C++", 0, 10, 0, 24, 8, 42
"/home/finn/Documents/honours-project/c-attempt/optim/BaseMatrixOps/include/core/zeros.hpp", "C++", 0, 18, 0, 26, 10, 54
"/home/finn/Documents/honours-project/c-attempt/optim/BaseMatrixOps/include/extra/bmo_extra.hpp", "C++", 0, 13, 0, 20, 8, 41
"/home/finn/Documents/honours-project/c-attempt/optim/BaseMatrixOps/include/extra/cube_type.hpp", "C++", 0, 178, 0, 24, 45, 247
"/home/finn/Documents/honours-project/c-attempt/optim/BaseMatrixOps/include/extra/get_sort_index.hpp", "C++", 0, 18, 0, 19, 9, 46
"/home/finn/Documents/honours-project/c-attempt/optim/BaseMatrixOps/include/extra/index_min.hpp", "C++", 0, 20, 0, 19, 7, 46
"/home/finn/Documents/honours-project/c-attempt/optim/BaseMatrixOps/include/extra/reset_negative_values.hpp", "C++", 0, 28, 0, 19, 7, 54
"/home/finn/Documents/honours-project/c-attempt/optim/BaseMatrixOps/include/extra/tesseract_type.hpp", "C++", 0, 176, 0, 24, 45, 245
"/home/finn/Documents/honours-project/c-attempt/optim/BaseMatrixOps/include/extra/unit_vec.hpp", "C++", 0, 12, 0, 22, 6, 40
"/home/finn/Documents/honours-project/c-attempt/optim/BaseMatrixOps/include/misc/bmo_options.hpp", "C++", 0, 23, 0, 2, 11, 36
"/home/finn/Documents/honours-project/c-attempt/optim/BaseMatrixOps/include/misc/misc_math.hpp", "C++", 0, 14, 0, 19, 6, 39
"/home/finn/Documents/honours-project/c-attempt/optim/BaseMatrixOps/include/stats/bmo_stats.hpp", "C++", 0, 22, 0, 20, 13, 55
"/home/finn/Documents/honours-project/c-attempt/optim/BaseMatrixOps/include/stats/rind.hpp", "C++", 0, 56, 0, 26, 17, 99
"/home/finn/Documents/honours-project/c-attempt/optim/BaseMatrixOps/include/stats/rnorm.hpp", "C++", 0, 135, 0, 29, 33, 197
"/home/finn/Documents/honours-project/c-attempt/optim/BaseMatrixOps/include/stats/runif.hpp", "C++", 0, 139, 0, 29, 33, 201
"/home/finn/Documents/honours-project/c-attempt/optim/BaseMatrixOps/tests/bmo_tests.hpp", "C++", 0, 34, 0, 1, 16, 51
"/home/finn/Documents/honours-project/c-attempt/optim/BaseMatrixOps/tests/cube_type.cpp", "C++", 0, 30, 0, 21, 25, 76
"/home/finn/Documents/honours-project/c-attempt/optim/BaseMatrixOps/tests/log_vec.cpp", "C++", 0, 12, 0, 19, 10, 41
"/home/finn/Documents/honours-project/c-attempt/optim/BaseMatrixOps/tests/rand.cpp", "C++", 0, 14, 0, 20, 13, 47
"/home/finn/Documents/honours-project/c-attempt/optim/BaseMatrixOps/tests/sort_test.cpp", "C++", 0, 14, 0, 20, 13, 47
"/home/finn/Documents/honours-project/c-attempt/optim/BaseMatrixOps/tests/tess_type.cpp", "C++", 0, 32, 0, 21, 25, 78
"/home/finn/Documents/honours-project/c-attempt/optim/constrained/sumt.hpp", "C++", 0, 138, 0, 65, 54, 257
"/home/finn/Documents/honours-project/c-attempt/optim/line_search/more_thuente.hpp", "C++", 0, 281, 0, 44, 85, 410
"/home/finn/Documents/honours-project/c-attempt/optim/misc/bounds_check.hpp", "C++", 0, 23, 0, 24, 3, 50
"/home/finn/Documents/honours-project/c-attempt/optim/misc/determine_bounds_type.hpp", "C++", 0, 24, 0, 27, 8, 59
"/home/finn/Documents/honours-project/c-attempt/optim/misc/error_reporting.hpp", "C++", 0, 51, 0, 24, 11, 86
"/home/finn/Documents/honours-project/c-attempt/optim/misc/jacobian_adjust.hpp", "C++", 0, 27, 0, 23, 6, 56
"/home/finn/Documents/honours-project/c-attempt/optim/misc/numerical_gradient.hpp", "C++", 0, 28, 0, 25, 16, 69
"/home/finn/Documents/honours-project/c-attempt/optim/misc/numerical_hessian.hpp", "C++", 0, 54, 0, 27, 23, 104
"/home/finn/Documents/honours-project/c-attempt/optim/misc/optim_misc.hpp", "C++", 0, 12, 0, 22, 6, 40
"/home/finn/Documents/honours-project/c-attempt/optim/misc/optim_options.hpp", "C++", 0, 138, 0, 32, 52, 222
"/home/finn/Documents/honours-project/c-attempt/optim/misc/optim_structs.hpp", "C++", 0, 132, 0, 56, 85, 273
"/home/finn/Documents/honours-project/c-attempt/optim/misc/optim_trace.hpp", "C++", 0, 358, 0, 22, 32, 412
"/home/finn/Documents/honours-project/c-attempt/optim/misc/transform_vals.hpp", "C++", 0, 83, 0, 24, 13, 120
"/home/finn/Documents/honours-project/c-attempt/optim/optim.hpp", "C++", 0, 13, 0, 25, 10, 48
"/home/finn/Documents/honours-project/c-attempt/optim/stats/optim_stats.hpp", "C++", 0, 4, 0, 19, 4, 27
"/home/finn/Documents/honours-project/c-attempt/optim/stats/seed_values.hpp", "C++", 0, 9, 0, 20, 4, 33
"/home/finn/Documents/honours-project/c-attempt/optim/unconstrained/bfgs.hpp", "C++", 0, 164, 0, 67, 79, 310
"/home/finn/Documents/honours-project/c-attempt/optim/unconstrained/cg.hpp", "C++", 0, 224, 0, 65, 86, 375
"/home/finn/Documents/honours-project/c-attempt/optim/unconstrained/de.hpp", "C++", 0, 214, 0, 69, 89, 372
"/home/finn/Documents/honours-project/c-attempt/optim/unconstrained/de_prmm.hpp", "C++", 0, 321, 0, 73, 130, 524
"/home/finn/Documents/honours-project/c-attempt/optim/unconstrained/gd.hpp", "C++", 0, 143, 0, 65, 66, 274
"/home/finn/Documents/honours-project/c-attempt/optim/unconstrained/lbfgs.hpp", "C++", 0, 179, 0, 70, 88, 337
"/home/finn/Documents/honours-project/c-attempt/optim/unconstrained/newton.hpp", "C++", 0, 109, 0, 61, 53, 223
"/home/finn/Documents/honours-project/c-attempt/optim/unconstrained/nm.hpp", "C++", 0, 218, 0, 81, 87, 386
"/home/finn/Documents/honours-project/c-attempt/optim/unconstrained/optim_unconstrained.hpp", "C++", 0, 13, 0, 19, 4, 36
"/home/finn/Documents/honours-project/c-attempt/optim/unconstrained/pso.hpp", "C++", 0, 235, 0, 71, 100, 406
"/home/finn/Documents/honours-project/c-attempt/optim/unconstrained/pso_dv.hpp", "C++", 0, 205, 0, 70, 90, 365
"/home/finn/Documents/honours-project/c-attempt/optim/zeros/broyden.hpp", "C++", 0, 229, 0, 105, 109, 443
"/home/finn/Documents/honours-project/c-attempt/optim/zeros/broyden_df.hpp", "C++", 0, 305, 0, 119, 138, 562
"/home/finn/Documents/honours-project/c-attempt/optim/zeros/optim_zeros.hpp", "C++", 0, 5, 0, 19, 4, 28
"/home/finn/Documents/honours-project/c-attempt/parula.py", "Python", 260, 0, 0, 0, 2, 262
"/home/finn/Documents/honours-project/c-attempt/qclm.py", "Python", 273, 0, 0, 65, 132, 470
"/home/finn/Documents/honours-project/c-attempt/queue-inf-time/main.cpp", "C++", 0, 57, 0, 0, 4, 61
"/home/finn/Documents/honours-project/c-attempt/queue-inf-time/main_config.h", "C++", 0, 44, 0, 0, 11, 55
"/home/finn/Documents/honours-project/c-attempt/queue-inf-time/main_simple.cpp", "C++", 0, 99, 0, 15, 40, 154
"/home/finn/Documents/honours-project/c-attempt/queue-inf-time/noiseResponse.cpp", "C++", 0, 113, 0, 3, 46, 162
"/home/finn/Documents/honours-project/c-attempt/queue-inf-time/plot_noise_response.py", "Python", 64, 0, 0, 39, 32, 135
"/home/finn/Documents/honours-project/c-attempt/tem-localization/main.cpp", "C++", 0, 139, 0, 78, 41, 258
"/home/finn/Documents/honours-project/c-attempt/tem-localization/plot_simple.py", "Python", 33, 0, 0, 28, 22, 83
"/home/finn/Documents/honours-project/c-attempt/tem-render/force_isos.py", "Python", 50, 0, 0, 80, 46, 176
"/home/finn/Documents/honours-project/c-attempt/tem-render/render_tem.py", "Python", 30, 0, 0, 2, 10, 42
"/home/finn/Documents/honours-project/c-attempt/tem-render/render_tem_gh.cpp", "C++", 0, 59, 0, 10, 28, 97
"/home/finn/Documents/honours-project/c-attempt/tem-render/render_tem_gl.cpp", "C++", 0, 59, 0, 18, 31, 108
"/home/finn/Documents/honours-project/c-attempt/tem-render/tem_render_3d.cpp", "C++", 0, 63, 0, 9, 27, 99
"/home/finn/Documents/honours-project/c-attempt/tem_experiments.h", "C++", 0, 128, 0, 2, 50, 180
"/home/finn/Documents/honours-project/c-attempt/utils.h", "C++", 0, 367, 0, 7, 132, 506
"/home/finn/finn-data/honours-project/c-attempt/figure-generation/alpha_plot.py", "MagicPython", 0, 0, -23, 0, -6, -29
"/home/finn/finn-data/honours-project/c-attempt/figure-generation/confocal_scan.py", "MagicPython", 0, 0, -89, 0, -37, -126
"/home/finn/finn-data/honours-project/c-attempt/figure-generation/correlation_plot.py", "MagicPython", 0, 0, -30, 0, -10, -40
"/home/finn/finn-data/honours-project/c-attempt/figure-generation/g2_ring_comparison.py", "MagicPython", 0, 0, -81, 0, -53, -134
"/home/finn/finn-data/honours-project/c-attempt/figure-generation/gouy_phase.py", "MagicPython", 0, 0, -22, 0, -6, -28
"/home/finn/finn-data/honours-project/c-attempt/figure-generation/hexagonal_cores.py", "MagicPython", 0, 0, -142, 0, -84, -226
"/home/finn/finn-data/honours-project/c-attempt/figure-generation/isolines.py", "MagicPython", 0, 0, -149, 0, -46, -195
"/home/finn/finn-data/honours-project/c-attempt/figure-generation/isosurface.py", "MagicPython", 0, 0, -395, 0, -170, -565
"/home/finn/finn-data/honours-project/c-attempt/figure-generation/peanut.py", "MagicPython", 0, 0, -45, 0, -16, -61
"/home/finn/finn-data/honours-project/c-attempt/figure-generation/resolution_degradation.py", "MagicPython", 0, 0, -15, 0, -7, -22
"/home/finn/finn-data/honours-project/c-attempt/figure-generation/worboy_scan.py", "MagicPython", 0, 0, -45, 0, -16, -61
"/home/finn/finn-data/honours-project/c-attempt/finite-time/plot_noise_response.py", "MagicPython", 0, 0, -74, 0, -25, -99
"/home/finn/finn-data/honours-project/c-attempt/finite-time/plot_simple.py", "MagicPython", 0, 0, -67, 0, -28, -95
"/home/finn/finn-data/honours-project/c-attempt/multicore-localization-inf-time/plot_noise_response.py", "MagicPython", 0, 0, -100, 0, -33, -133
"/home/finn/finn-data/honours-project/c-attempt/multicore-localization-inf-time/plot_simple.py", "MagicPython", 0, 0, -59, 0, -24, -83
"/home/finn/finn-data/honours-project/c-attempt/multicore-monte-carlo/plot_debug.py", "MagicPython", 0, 0, -62, 0, -24, -86
"/home/finn/finn-data/honours-project/c-attempt/parula.py", "MagicPython", 0, 0, -260, 0, -2, -262
"/home/finn/finn-data/honours-project/c-attempt/qclm.py", "MagicPython", 0, 0, -332, 0, -138, -470
"/home/finn/finn-data/honours-project/c-attempt/queue-inf-time/plot_noise_response.py", "MagicPython", 0, 0, -103, 0, -32, -135
"/home/finn/finn-data/honours-project/c-attempt/tem-localization/plot_simple.py", "MagicPython", 0, 0, -59, 0, -24, -83
"/home/finn/finn-data/honours-project/c-attempt/tem-render/force_isos.py", "MagicPython", 0, 0, -130, 0, -46, -176
"/home/finn/finn-data/honours-project/c-attempt/tem-render/render_tem.py", "MagicPython", 0, 0, -32, 0, -10, -42
"Total", "-", 1971, 111943, -2314, 29134, 20825, 161559